{
    "urls":{
        "BlackBoard":"https://campusvirtual.nebrija.es/",
        "AcademicoNebrija":"https://academico.nebrija.es/ServiciosApp",
        "PythonWebService":"http://localhost:5000"
    },
    "users":{
        "validuser":"jfernandezg15@alumnos.nebrija.es",
        "notvaliduser":"notValidUser@notvalid.nope",
        "validuserwrongpassusername":"jfernandezg15@alumnos.nebrija.es",
        "adminuserpython":"admin",
        "validuserpython":"testuser",
        "notvaliduserpython":"notValidUser",
        "validuserwrongpasspython":"testuser",
        "adminPython":"admin",
        "emptyuser":""
    },
    "passwords":{
        "validuser":"lyoko3110J",
        "notvaliduser":"notValidPassword",
        "Validuserwrongpassusername":"notValidPassword",
        "adminuserpython":"admin",
        "validpasswordpython":"test",
        "notvaliduserpython":"notValidUser",
        "validuserwrongpasspython":"notValidPassword",
        "EmptyUser":""
    }
}